year,total_violations,average_violations,number_of_locations
2015,4996,999.2,5
2016,4702,940.4,5
2017,4539,907.8,5
2018,4176,835.2,5
2019,3895,779.0,5
2020,4659,776.5,6
2021,4391,731.8333333333334,6
2022,4155,692.5,6
2023,3766,627.6666666666666,6
